Year,BirthRate_15_19_Years_Per_Thousand_Females,BirthRate_20_24_Years_Per_Thousand_Females,BirthRate_25_29_Years_Per_Thousand_Females,BirthRate_30_34_Years_Per_Thousand_Females,BirthRate_35_39_Years_Per_Thousand_Females,BirthRate_40_44_Years_Per_Thousand_Females,BirthRate_45_49_Years_Per_Thousand_Females,BirthRate_Chinese_Per_Female,BirthRate_Citizen_Live_Births_Number,BirthRate_Crude_Birth_Rate_Per_Thousand_Residents,BirthRate_Gross_Reproduction_Rate_Per_Female,BirthRate_Indians_Per_Female,BirthRate_Malays_Per_Female,BirthRate_Net_Reproduction_Rate_Per_Female,BirthRate_Resident_Live_Births_Number,BirthRate_Total_Fertility_Rate_TFR_Per_Female,BirthRate_Total_Live_Births_Number,CPI_HDB_CPI_Consumer_Price_Index_for_Singapore,CPI_HDB_HDB_Resale_Price_Index,CPI_HDB_Income_index_2016_100,DivorceRates_Crude_Divorce_Rate,DivorceRates_Female_20_24_Years_Divorce_Rate,DivorceRates_Female_25_29_Years_Divorce_Rate,DivorceRates_Female_30_34_Years_Divorce_Rate,DivorceRates_Female_35_39_Years_Divorce_Rate,DivorceRates_Female_40_44_Years_Divorce_Rate,DivorceRates_Female_45_49_Years_Divorce_Rate,DivorceRates_Female_50_Years_And_Over_Divorce_Rate,DivorceRates_Female_General_Divorce_Rate,DivorceRates_Male_20_24_Years_Divorce_Rate,DivorceRates_Male_25_29_Years_Divorce_Rate,DivorceRates_Male_30_34_Years_Divorce_Rate,DivorceRates_Male_35_39_Years_Divorce_Rate,DivorceRates_Male_40_44_Years_Divorce_Rate,DivorceRates_Male_45_49_Years_Divorce_Rate,DivorceRates_Male_50_Years_And_Over_Divorce_Rate,DivorceRates_Male_General_Divorce_Rate,Education_Schooling_Female,Education_Schooling_Male,Education_Schooling_Overall,HouseholdIncome_Resident_Employed_Households_Average,HouseholdIncome_Resident_Employed_Households_Median,HouseholdIncome_Resident_Households_Average,HouseholdIncome_Resident_Households_Median,MarriageAgeDiff_Groom_Older_By_10_Years,MarriageAgeDiff_Groom_Older_By_11_Years,MarriageAgeDiff_Groom_Older_By_12_Years,MarriageAgeDiff_Groom_Older_By_13_Years,MarriageAgeDiff_Groom_Older_By_14_Years,MarriageAgeDiff_Groom_Older_By_15_19_Years,MarriageAgeDiff_Groom_Older_By_1_Year,MarriageAgeDiff_Groom_Older_By_20_24_Years,MarriageAgeDiff_Groom_Older_By_25_Years_Over,MarriageAgeDiff_Groom_Older_By_2_Years,MarriageAgeDiff_Groom_Older_By_3_Years,MarriageAgeDiff_Groom_Older_By_4_Years,MarriageAgeDiff_Groom_Older_By_5_Years,MarriageAgeDiff_Groom_Older_By_6_Years,MarriageAgeDiff_Groom_Older_By_7_Years,MarriageAgeDiff_Groom_Older_By_8_Years,MarriageAgeDiff_Groom_Older_By_9_Years,MarriageAgeDiff_Groom_Younger_By_10_Years_Over,MarriageAgeDiff_Groom_Younger_By_1_Year,MarriageAgeDiff_Groom_Younger_By_2_Years,MarriageAgeDiff_Groom_Younger_By_3_Years,MarriageAgeDiff_Groom_Younger_By_4_Years,MarriageAgeDiff_Groom_Younger_By_5_9_Years,MarriageAgeDiff_Same_Age,MarriageAgeDiff_Total_Marriages_Total,MarriageRates_15_19_Years_Per_1_000_Unmarried_Resident_Females,MarriageRates_15_19_Years_Per_1_000_Unmarried_Resident_Males,MarriageRates_20_24_Years_Per_1_000_Unmarried_Resident_Females,MarriageRates_20_24_Years_Per_1_000_Unmarried_Resident_Males,MarriageRates_25_29_Years_Per_1_000_Unmarried_Resident_Females,MarriageRates_25_29_Years_Per_1_000_Unmarried_Resident_Males,MarriageRates_30_34_Years_Per_1_000_Unmarried_Resident_Females,MarriageRates_30_34_Years_Per_1_000_Unmarried_Resident_Males,MarriageRates_35_39_Years_Per_1_000_Unmarried_Resident_Females,MarriageRates_35_39_Years_Per_1_000_Unmarried_Resident_Males,MarriageRates_40_44_Years_Per_1_000_Unmarried_Resident_Females,MarriageRates_40_44_Years_Per_1_000_Unmarried_Resident_Males,MarriageRates_45_49_Years_Per_1_000_Unmarried_Resident_Females,MarriageRates_45_49_Years_Per_1_000_Unmarried_Resident_Males,MarriageRates_50_54_Years_Per_1_000_Unmarried_Resident_Females,MarriageRates_50_54_Years_Per_1_000_Unmarried_Resident_Males,MarriageRates_55_59_Years_Per_1_000_Unmarried_Resident_Females,MarriageRates_55_59_Years_Per_1_000_Unmarried_Resident_Males,MarriageRates_60_64_Years_Per_1_000_Unmarried_Resident_Females,MarriageRates_60_64_Years_Per_1_000_Unmarried_Resident_Males,MarriageRates_65_Years_Over_Per_1_000_Unmarried_Resident_Females,MarriageRates_65_Years_Over_Per_1_000_Unmarried_Resident_Males,MarriageRates_Crude_Marriage_Rate_Per_1_000_Residents,MarriageRates_Female_General_Marriage_Rate_Per_1_000_Unmarried_Resident_Females_Aged_15_49_Years,MarriageRates_Male_General_Marriage_Rate_Per_1_000_Unmarried_Resident_Males_Aged_15_49_Years,WorkingHours_Mean_Weekly_Hours,WorkingHours_Workers_At_Least_40_Hours_Pct
2016,2.7,17,65.8,96.2,49.7,8.8,0.3,1.07,33167,9.4,0.58,1.04,1.8,0.58,36875,1.2,41251,100,100,100,1.9,28.6,15.1,11.9,10.1,8.4,6.2,2.6,6.6,27.6,16.7,12.6,12.8,9.6,8.4,3.6,7.1,10.3,11.2,10.7,11611,8867,10355,7756,468,397,300,247,216,767,3574,348,253,3115,2551,1959,1500,1106,929,755,542,258,2061,997,616,415,754,3843,27971,1.7,0.4,19.9,9.2,106.8,78.2,105.8,131.2,48.9,88.8,21.3,58.3,11.7,35.5,5.5,21.4,2.4,14.5,1.4,12.5,0.2,4,6.6,41.6,44.4,43.4,84.7
2017,2.6,15.1,62.2,93.3,48.6,9,0.5,1.01,32356,8.9,0.56,1,1.82,0.56,35444,1.16,39615,100.58,98.51,102.67,1.9,27.9,14.3,12.1,9.9,8.3,6.9,2.6,6.5,25.9,16.8,12.5,11.5,10.2,7.7,3.7,6.9,10.4,11.3,10.9,12051,9044,10631,7866,438,363,325,223,228,684,3726,316,197,3300,2607,1944,1442,1106,886,639,506,237,2087,1018,627,409,835,4069,28212,1.5,0.4,19.8,9.3,108.8,81.7,101.6,130.1,51.2,90.9,22.4,59.8,12,37.1,5.6,24.4,2.9,16.1,1.3,10.6,0.2,3.9,6.6,42.8,45.7,43.2,84.3
2018,2.5,14.4,60.6,92.9,48.4,8.8,0.5,0.98,32413,8.8,0.56,1,1.85,0.55,35040,1.14,39039,101.02,97.62,103.19,1.8,27.7,14.7,11.8,10.2,8.2,6.5,2.4,6.3,28.6,15.6,12.1,11.8,9.7,8.5,3.4,6.7,10.6,11.6,11.1,12161,9315,10685,7968,391,333,248,215,209,648,3510,283,196,3226,2632,1868,1417,1120,827,632,498,249,1983,916,598,406,762,3840,27007,1.2,0.3,18.4,9,99.8,74.6,100,120.3,48,91.7,22,52.3,12.1,33.3,6.3,22.2,2.8,15.9,1.5,10.7,0.2,3.8,6.4,40.8,43.3,43,83.6
2019,2.5,12.7,59.4,92.4,50.1,9.9,0.4,0.99,32844,8.8,0.56,0.98,1.8,0.56,35330,1.14,39279,101.59,97.7,104.02,1.9,30,15.3,11.7,10.8,8.6,6.9,2.7,6.5,30.6,16,12.6,11.6,9.9,8.5,3.7,6.9,10.8,11.6,11.2,12411,9442,10771,7990,396,312,260,236,192,602,3328,295,180,3026,2308,1782,1290,982,755,544,447,244,1884,988,584,376,779,3644,25434,1.2,0.5,16.4,7.9,88.6,65.8,95.5,109.8,46.8,90.3,21.4,53.4,11,33.1,6.5,20.6,3.4,15.8,1.5,11.4,0.3,4.1,5.9,37.9,40.7,42.9,83.6
2020,2.3,12.7,54.6,90.8,49,9.5,0.5,0.94,31816,8.5,0.53,0.96,1.82,0.53,34233,1.1,38590,101.42,102.6,102.65,1.7,27.5,14,12.1,10,8.1,6.5,2.4,6.1,25.9,14.6,12.1,11.8,9.4,7.9,3.2,6.3,10.9,11.7,11.3,12258,9208,10629,7756,284,220,198,175,117,383,3170,180,110,2857,2141,1510,1176,807,643,500,359,177,1727,870,480,352,676,3539,22651,1.2,0.4,16.7,7.9,79.9,59.1,81.6,97.3,39.9,65,17.3,36.9,9.1,23.2,5.6,14.9,2.6,9.5,1.3,6,0.2,2.6,5.2,34.9,35.7,42.8,82.9
2021,2.2,11.7,53.4,92.9,53.6,10.2,0.3,0.96,31713,8.6,0.54,1.05,1.82,0.54,34183,1.12,38672,103.76,115.68,104.82,1.9,25.5,15.1,13.2,11.8,9.6,8.1,2.9,6.9,25.3,16.1,13.2,12.9,10.7,9,4,7.2,11.3,12,11.6,12301,9544,10854,8236,337,235,202,165,144,388,4216,180,80,3691,2710,1900,1400,930,737,584,371,200,2285,1111,667,423,765,4608,28329,1.1,0.3,18.8,8.6,100.9,72.2,106.4,120.6,49,81,19.2,47.8,9.5,27,6.8,16.1,2.8,11.3,1.7,7.1,0.3,2.9,6.5,44.2,45.3,42.4,83.5
2022,2.1,11.2,48.8,86.7,49.4,9.8,0.4,0.87,30429,7.9,0.5,1.01,1.83,0.5,32290,1.04,35605,110.13,127.71,111.1,1.7,22.3,12.2,10.2,9.7,8.1,7,2.7,5.9,17,13.7,9.9,10.5,9.4,8,3.6,6.2,11.3,12.1,11.7,13152,10120,11504,8639,327,297,248,234,175,508,4358,239,159,3591,2774,1972,1370,973,752,533,467,269,2403,1191,670,416,840,4623,29389,1.2,0.4,17.6,8.2,99.7,72.1,117.4,132.5,56,87.1,22.5,50.5,12.9,31.8,7.6,25,3.9,16.7,1.9,11.1,0.4,4.3,6.7,45.5,47,42.2,83.2
2023,2.2,10.6,43.7,78.7,47.9,9.6,0.6,0.81,28877,7.4,0.46,0.95,1.65,0.46,30518,0.97,33541,115.45,134.03,117.84,1.7,19.9,11.6,10.5,9.5,8.1,6.2,2.5,5.5,16.6,13.7,10.5,10.4,9.5,7.5,3.5,6,11.4,12,11.7,13986,10882,12202,9337,356,306,218,226,194,574,4078,277,175,3482,2673,1893,1338,966,692,592,449,263,2278,1063,655,445,792,4325,28310,0.9,0.4,15.3,7.2,93.9,65.2,104.9,114.1,53.6,85.3,24.9,53.6,12.1,35.3,7.8,25.8,3.5,17.8,2.1,13.3,0.4,4.9,6.4,43.1,44.3,41.9,83.8
2024,2.3,9.8,42.6,79.3,50,10.2,0.7,0.83,29237,7.4,0.47,0.91,1.58,0.47,30808,0.97,33703,118.21,147.03,121.39,1.7,30.5,14.2,10.4,10,8.5,6.3,2.6,5.7,25.3,14.6,11.2,10.8,9.7,7.9,3.5,6.3,11.5,12.2,11.8,14570,11314,12570,9557,343,251,230,207,136,525,3799,270,149,3395,2416,1751,1182,874,719,486,398,251,2010,1085,624,410,802,4015,26328,1.1,0.4,14.4,7.5,85,61.8,96.6,107.6,52.1,82.9,23,47.9,12.1,31.5,6.9,21.5,3.1,16.8,2.4,11.1,0.4,4.5,5.9,40.1,42,41.6,82.6
2025,1.3,8.7,38.1,69.7,46,9.5,0.5,0.7,26071,6.5,0.42,0.92,1.53,0.42,27393,0.87,29864,119.28,151.26,125.99,1.7,20.1,13.5,10.5,10.2,8.3,6.7,2.7,5.8,20.3,16.9,11,11,9.5,7.5,3.4,6.1,11.6,12.2,11.9,15205,12027,13046,10088,317,229,218,167,165,493,3518,214,148,3147,2332,1619,1185,820,632,459,391,261,1976,1013,591,393,756,3644,24688,0.7,0.3,13.7,7.3,80.9,56.1,94.9,95.2,50.2,78.3,21.2,46.9,10.9,29,6.9,22.4,3.5,15.1,1.5,10.5,0.3,4.4,5.5,38.1,39.1,41.4,82.9
